{"global_step": 120, "average_loss": 0.049959934380421296, "train_set_after_training": 1.0, "eval_set": {"acc": 0.9174311926605505}, "dev_set": {"acc": 0.96875}}