{"global_step": 120, "average_loss": 0.033112659336540964, "train_set_after_training": 1.0, "eval_set": {"acc": 0.8864678899082569}, "dev_set": {"acc": 0.90625}}