{"global_step": 40, "average_loss": 0.1834405182253235, "train_set_after_training": 1.0, "eval_set": {"acc": 0.4467881112176414}, "dev_set": {"acc": 0.59375}}