{"global_step": 120, "average_loss": 0.055992973097795815, "train_set_after_training": 1.0, "eval_set": {"acc": 0.8414207103551776}, "dev_set": {"acc": 0.78125}}