{"global_step": 140, "average_loss": 0.04511491640286869, "train_set_after_training": 1.0, "eval_set": {"acc": 0.9323394495412844}, "dev_set": {"acc": 0.9375}}