{"global_step": 80, "average_loss": 0.040651490043017005, "train_set_after_training": 1.0, "eval_set": {"acc": 0.9197247706422018}, "dev_set": {"acc": 0.9375}}