{"global_step": 140, "average_loss": 0.04763824805702904, "train_set_after_training": 1.0, "eval_set": {"acc": 0.8849424712356178}, "dev_set": {"acc": 0.78125}}