{"global_step": 120, "average_loss": 0.06187013482091171, "train_set_after_training": 1.0, "eval_set": {"acc": 0.8729364682341171}, "dev_set": {"acc": 0.8125}}