{"global_step": 120, "average_loss": 0.041281951853254215, "train_set_after_training": 1.0, "eval_set": {"acc": 0.9155}, "dev_set": {"acc": 0.90625}}