{"global_step": 160, "average_loss": 2.5336475748568774, "train_set_after_training": 0.5416666666666666, "eval_set": {"acc": 0.3}, "dev_set": {"acc": 0.2604166666666667}}