{"global_step": 120, "average_loss": 0.27651810479558586, "train_set_after_training": 1.0, "eval_set": {"acc": 0.806}, "dev_set": {"acc": 0.7604166666666666}}