{"global_step": 80, "average_loss": 0.4909096922163087, "train_set_after_training": 1.0, "eval_set": {"acc": 0.902}, "dev_set": {"acc": 0.8645833333333334}}