{"global_step": 120, "average_loss": 0.01232325384160992, "train_set_after_training": 1.0, "eval_set": {"acc": 0.897448724362181}, "dev_set": {"acc": 0.90625}}