{"global_step": 40, "average_loss": 0.10574226431733384, "train_set_after_training": 1.0, "eval_set": {"acc": 0.9013761467889908}, "dev_set": {"acc": 0.9375}}