{"global_step": 60, "average_loss": 0.15423089831712863, "train_set_after_training": 1.0, "eval_set": {"acc": 0.5100671140939598}, "dev_set": {"acc": 0.5}}