{"global_step": 140, "average_loss": 0.046663070737627876, "train_set_after_training": 1.0, "eval_set": {"acc": 0.5244487056567594}, "dev_set": {"acc": 0.65625}}