{"global_step": 120, "average_loss": 0.04858738307858128, "train_set_after_training": 1.0, "eval_set": {"acc": 0.5627996164908916}, "dev_set": {"acc": 0.59375}}