{"global_step": 60, "average_loss": 0.8120262387208641, "train_set_after_training": 1.0, "eval_set": {"acc": 0.838}, "dev_set": {"acc": 0.7916666666666666}}