{"global_step": 120, "average_loss": 0.014625066180334509, "train_set_after_training": 1.0, "eval_set": {"acc": 0.9185779816513762}, "dev_set": {"acc": 0.96875}}