{"global_step": 140, "average_loss": 0.05292064235335178, "train_set_after_training": 1.0, "eval_set": {"acc": 0.8739369684842421}, "dev_set": {"acc": 0.84375}}