{"global_step": 180, "average_loss": 0.034485129591852154, "train_set_after_training": 1.0, "eval_set": {"acc": 0.5656759348034516}, "dev_set": {"acc": 0.59375}}