{"global_step": 20, "average_loss": 0.44487498942762616, "train_set_after_training": 0.967741935483871, "eval_set": {"acc": 0.8934467233616809}, "dev_set": {"acc": 0.84375}}