{"global_step": 120, "average_loss": 0.04530842474819546, "train_set_after_training": 1.0, "eval_set": {"acc": 0.9144572286143071}, "dev_set": {"acc": 0.875}}