{"global_step": 80, "average_loss": 0.07100710120197669, "train_set_after_training": 1.0, "eval_set": {"acc": 0.9185779816513762}, "dev_set": {"acc": 0.9375}}