{"global_step": 120, "average_loss": 0.03603185733688434, "train_set_after_training": 1.0, "eval_set": {"acc": 0.9151376146788991}, "dev_set": {"acc": 0.9375}}