{"global_step": 160, "average_loss": 0.21982543079095224, "train_set_after_training": 1.0, "eval_set": {"acc": 0.762}, "dev_set": {"acc": 0.7916666666666666}}