{"global_step": 60, "average_loss": 0.11070264363310726, "train_set_after_training": 1.0, "eval_set": {"acc": 0.5167785234899329}, "dev_set": {"acc": 0.65625}}