{"global_step": 120, "average_loss": 0.013336131439477879, "train_set_after_training": 1.0, "eval_set": {"acc": 0.8844422211105553}, "dev_set": {"acc": 0.875}}