{"global_step": 120, "average_loss": 0.04577337690785936, "train_set_after_training": 1.0, "eval_set": {"acc": 0.8539269634817409}, "dev_set": {"acc": 0.8125}}