{"global_step": 220, "average_loss": 0.3317225104812952, "train_set_after_training": 1.0, "eval_set": {"acc": 0.754}, "dev_set": {"acc": 0.7604166666666666}}