{"global_step": 80, "average_loss": 0.5562662044506397, "train_set_after_training": 1.0, "eval_set": {"acc": 0.84}, "dev_set": {"acc": 0.8229166666666666}}