{"global_step": 240, "average_loss": 0.16450341720035352, "train_set_after_training": 1.0, "eval_set": {"acc": 0.902}, "dev_set": {"acc": 0.8541666666666666}}