{"global_step": 60, "average_loss": 0.08590492220022554, "train_set_after_training": 1.0, "eval_set": {"acc": 0.8853211009174312}, "dev_set": {"acc": 0.9375}}