{"global_step": 120, "average_loss": 0.11211201517345941, "train_set_after_training": 1.0, "eval_set": {"acc": 0.9208715596330275}, "dev_set": {"acc": 0.9375}}