{"global_step": 120, "average_loss": 0.05889586751418397, "train_set_after_training": 1.0, "eval_set": {"acc": 0.8914457228614308}, "dev_set": {"acc": 0.84375}}