{"global_step": 60, "average_loss": 0.033528632462295836, "train_set_after_training": 1.0, "eval_set": {"acc": 0.8649324662331166}, "dev_set": {"acc": 0.9375}}