{"global_step": 240, "average_loss": 0.1739422836220001, "train_set_after_training": 1.0, "eval_set": {"acc": 0.814}, "dev_set": {"acc": 0.8854166666666666}}