{"global_step": 100, "average_loss": 0.5361779105707773, "train_set_after_training": 1.0, "eval_set": {"acc": 0.796}, "dev_set": {"acc": 0.8333333333333334}}