{"global_step": 240, "average_loss": 0.12603255023316381, "train_set_after_training": 1.0, "eval_set": {"acc": 0.926}, "dev_set": {"acc": 0.8333333333333334}}