{"global_step": 60, "average_loss": 0.07684744427843432, "train_set_after_training": 1.0, "eval_set": {"acc": 0.42953020134228187}, "dev_set": {"acc": 0.5}}