{"global_step": 160, "average_loss": 0.2237412265646924, "train_set_after_training": 1.0, "eval_set": {"acc": 0.808}, "dev_set": {"acc": 0.8020833333333334}}