{"global_step": 120, "average_loss": 0.026741262991845132, "train_set_after_training": 1.0, "eval_set": {"acc": 0.9197247706422018}, "dev_set": {"acc": 0.96875}}