{"global_step": 20, "average_loss": 0.3406106808703043, "train_set_after_training": 1.0, "eval_set": {"acc": 0.9357798165137615}, "dev_set": {"acc": 1.0}}