{"global_step": 120, "average_loss": 0.04551605936963613, "train_set_after_training": 1.0, "eval_set": {"acc": 0.9277522935779816}, "dev_set": {"acc": 0.9375}}