{"global_step": 120, "average_loss": 0.017168420852430383, "train_set_after_training": 1.0, "eval_set": {"acc": 0.8939469734867433}, "dev_set": {"acc": 0.90625}}