{"global_step": 200, "average_loss": 0.21111748693427443, "train_set_after_training": 1.0, "eval_set": {"acc": 0.802}, "dev_set": {"acc": 0.7395833333333334}}