{"global_step": 140, "average_loss": 0.3253334673404116, "train_set_after_training": 1.0, "eval_set": {"acc": 0.808}, "dev_set": {"acc": 0.7604166666666666}}