{"global_step": 120, "average_loss": 0.04425689119674958, "train_set_after_training": 1.0, "eval_set": {"acc": 0.9243119266055045}, "dev_set": {"acc": 0.9375}}