{"global_step": 180, "average_loss": 0.018601852811306527, "train_set_after_training": 1.0, "eval_set": {"acc": 0.9197247706422018}, "dev_set": {"acc": 0.9375}}