{"global_step": 20, "average_loss": 0.47441160189919174, "train_set_after_training": 1.0, "eval_set": {"acc": 0.8454227113556778}, "dev_set": {"acc": 0.875}}